key,english,japanese,korean,chinese,arabic,reviewer_correction,reviewer_notes
"implement.choose","Choose equipment","器具を選ぶ","기구 선택","选择器械","اختر الجهاز",,
"implement.add","Add equipment","器具を追加","기구 추가","添加器械","إضافة جهاز",,
"implement.clear","Clear","解除","선택 해제","清除","مسح",,
"implement.search","Search brands and models","メーカー・モデルを検索","브랜드·모델 검색","搜索品牌和型号","ابحث عن الماركات والموديلات",,
"implement.yourGear","Your equipment","あなたの器具","내 기구","我的器械","أجهزتك",,
"implement.atGymNamed","At {gym}","{gym} の器具","{gym}의 기구","{gym} 的器械","في {gym}",,
"implement.atYourGym","At your gym","ジムの器具","내 헬스장의 기구","健身房的器械","في ناديك",,
"implement.catalog","Common models","よくあるモデル","많이 쓰는 모델","常见型号","موديلات شائعة",,
"implement.addCustom","Add your own","自分で追加","직접 추가","自己添加","أضف جهازك",,
"implement.customPlaceholder","e.g. Atlantis leg press","例: Atlantis のレッグプレス","예: Atlantis 레그프레스","例如：Atlantis 腿举机","مثال: جهاز ضغط الأرجل Atlantis",,
"implement.save","Save","保存","저장","保存","حفظ",,
"implement.empty","No models listed for this yet — add yours below.","まだモデルがありません。下から追加してください。","아직 등록된 모델이 없습니다. 아래에서 추가하세요.","还没有型号，请在下方添加。","لا توجد موديلات بعد — أضف جهازك بالأسفل.",,
"implement.noMatch","No match — add it below.","該当なし。下から追加してください。","결과가 없습니다. 아래에서 추가하세요.","没有匹配结果，请在下方添加。","لا توجد نتائج — أضفه بالأسفل.",,
"implement.addPhoto","Add a photo","写真を追加","사진 추가","添加照片","إضافة صورة",,
"implement.replacePhoto","Replace photo","写真を変更","사진 교체","更换照片","استبدال الصورة",,
"implement.yourPhoto","Your photo","あなたの写真","내 사진","你的照片","صورتك",,
"implement.noPhoto","No photo yet","写真はまだありません","아직 사진이 없습니다","还没有照片","لا توجد صورة بعد",,
"implement.photoSaved","Photo added","写真を追加しました","사진을 추가했습니다","照片已添加","تمت إضافة الصورة",,
"implement.photoType","Pick an image file.","画像ファイルを選んでください。","이미지 파일을 선택하세요.","请选择图片文件。","اختر ملف صورة.",,
"implement.photoFailed","Couldn't upload that photo.","写真をアップロードできませんでした。","사진을 업로드하지 못했습니다.","照片上传失败。","تعذّر رفع الصورة.",,
"gymEquip.add","Add equipment","器具を追加","기구 추가","添加器械","إضافة جهاز",,
"gymEquip.added","Added to the floor","ジムに追加しました","헬스장에 추가했습니다","已添加到健身房","تمت الإضافة إلى النادي",,
"gymEquip.save","Add","追加","추가","添加","إضافة",,
"gymEquip.remove","Remove","削除","삭제","删除","حذف",,
"gymEquip.confirm","Confirm this is on the floor","ジムにあることを承認","헬스장에 있음을 확인","确认健身房有这台器械","تأكيد وجوده في النادي",,
"gymEquip.unconfirm","Remove confirmation","承認を取り消す","확인 취소","取消确认","إلغاء التأكيد",,
"gymEquip.confirmed","Confirmed","承認済み","확인됨","已确认","مؤكَّد",,
"gymEquip.byGym","Listed by the gym","ジムが登録","헬스장이 등록","健身房登记","مُسجَّل من النادي",,
"gymEquip.pickType","What kind of equipment?","どんな器具ですか？","어떤 종류의 기구인가요?","哪种器械？","ما نوع الجهاز؟",,
"gymEquip.pickBrand","Brand","ブランド","브랜드","品牌","الماركة",,
"gymEquip.linePlaceholder","Series or model (optional)","シリーズまたはモデル（任意）","시리즈 또는 모델 (선택)","系列或型号（可选）","السلسلة أو الموديل (اختياري)",,
"gymEquip.emptyTitle","No equipment listed yet","まだ器具が登録されていません","아직 등록된 기구가 없습니다","还没有登记器械","لا توجد أجهزة مسجّلة بعد",,
"gymEquip.emptyMine","Add what's on the floor — it'll show up in everyone's workout picker.","ジムにある器具を登録すると、みんなのワークアウト画面に表示されます。","헬스장에 있는 기구를 등록하면 모두의 운동 화면에 표시됩니다.","把健身房里的器械加上，大家训练时都能选到。","أضف ما هو موجود في النادي — سيظهر للجميع عند اختيار التمرين.",,
"gymEquip.emptyOther","Nobody has described this gym’s floor yet.","このジムの器具はまだ誰も登録していません。","이 헬스장의 기구를 아직 아무도 등록하지 않았습니다.","还没有人登记这家健身房的器械。","لم يسجّل أحد أجهزة هذا النادي بعد.",,
"gymEquip.addFailed","Couldn't add that.","追加できませんでした。","추가하지 못했습니다.","添加失败。","تعذّرت الإضافة.",,
"gymEquip.verifyFailed","Couldn't update that.","更新できませんでした。","수정하지 못했습니다.","更新失败。","تعذّر التحديث.",,
"gymEquip.removeFailed","Couldn't remove that.","削除できませんでした。","삭제하지 못했습니다.","删除失败。","تعذّر الحذف.",,