priority,key,en,es,fr,de,pt,it,ja,ko,zh,ar,hi,ru,tr,pl,nl,reviewer_correction,reviewer_notes
"HIGH","formcoach.analysisErrorCorrection","Something went wrong analyzing the frame. Try capturing again.","Algo salió mal al analizar el cuadro. Intenta capturar de nuevo.","Erreur d'analyse du cadre. Essayez de capturer à nouveau.","Fehler bei der Analyse. Versuche es erneut.","Erro ao analisar o quadro. Tente capturar novamente.","Qualcosa è andato storto nell'analisi del fotogramma. Prova a scattare di nuovo.","フレームの分析エラー。もう一度キャプチャしてください。","프레임을 분석하는 중 문제가 발생했습니다. 다시 촬영해 보세요.","分析这一帧时出错了，请重新拍摄。","حدث خطأ أثناء تحليل اللقطة. حاول الالتقاط مرة أخرى.","फ़्रेम जाँचने में कुछ गड़बड़ हुई। दोबारा कैप्चर करें।","Что-то пошло не так при анализе кадра. Попробуй снять ещё раз.","Kareyi analiz ederken bir sorun oluştu. Tekrar çekmeyi dene.","Coś poszło nie tak przy analizie klatki. Spróbuj zrobić zdjęcie ponownie.","Er ging iets mis bij het analyseren van het beeld. Probeer opnieuw vast te leggen.",,
"HIGH","formcoach.analysisErrorTip","If this keeps happening, refresh the page to reset the AI model.","Si persiste, recarga la página para reiniciar el modelo de IA.","Si ça persiste, rafraîchissez la page pour réinitialiser le modèle IA.","Wenn dies weiterhin geschieht, lade die Seite neu, um das KI-Modell zurückzusetzen.","Se persistir, recarregue a página para reiniciar o modelo de IA.","Se continua a succedere, ricarica la pagina per reimpostare il modello AI.","続く場合は、ページを更新してAIモデルをリセットしてください。","계속 발생하면 페이지를 새로고침해 AI 모델을 초기화하세요.","如果反复出现，刷新页面以重置 AI 模型。","إذا تكرر ذلك، حدّث الصفحة لإعادة ضبط نموذج الذكاء الاصطناعي.","अगर बार-बार हो, तो AI मॉडल रीसेट करने के लिए पेज रिफ़्रेश करें।","Если повторяется, обнови страницу, чтобы перезапустить ИИ-модель.","Sürekli oluyorsa, yapay zekâ modelini sıfırlamak için sayfayı yenile.","Jeśli to się powtarza, odśwież stronę, aby zresetować model AI.","Als dit blijft gebeuren, ververs de pagina om het AI-model te resetten.",,
"LOW","formcoach.analysisFailed","Analysis failed","Análisis fallido","Analyse échouée","Analyse fehlgeschlagen","Análise falhou","Analisi non riuscita","分析失敗","분석 실패","分析失败","فشل التحليل","विश्लेषण विफल","Не удалось разобрать","Analiz başarısız","Analiza nie powiodła się","Analyse mislukt",,
"LOW","formcoach.analyze","Analyze","Analizar","Analyser","Analysieren","Analisar","Analizza","分析","분석","分析","تحليل","जांचें","Разобрать","Analiz et","Analizuj","Analyseren",,
"LOW","formcoach.analyzeAnother","Analyze another rep","Analizar otra repetición","Analyser une autre répétition","Andere Wiederholung analysieren","Analisar outra repetição","Analizza un'altra ripetizione","別のレップを分析","다른 동작 분석하기","再分析一次","حلّل تكرارًا آخر","एक और रेप जांचें","Разобрать ещё повтор","Başka bir tekrar analiz et","Przeanalizuj kolejne powtórzenie","Nog een herhaling analyseren",,
"LOW","formcoach.analyzeMyForm","Analyze my form","Analizar mi forma","Analyser ma forme","Meine Form analysieren","Analisar minha forma","Analizza la mia tecnica","フォームを分析","내 자세 분석","分析我的动作","حلّل أدائي","मेरा फ़ॉर्म जांचें","Проверить мою технику","Formumu analiz et","Sprawdź moją technikę","Analyseer mijn vorm",,
"LOW","formcoach.analyzing","Analyzing…","Analizando…","Analyse…","Analysiere…","Analisando…","Analisi…","分析中…","분석 중…","分析中…","جاري التحليل…","जाँच हो रही है…","Анализ…","Analiz ediliyor…","Analizowanie…","Analyseren…",,
"LOW","formcoach.analyzing2","Analyzing:","Analizando:","Analyse :","Analysiere:","Analisando:","Analisi:","分析中：","분석 중:","正在分析：","جاري التحليل:","जाँच हो रही है:","Анализ:","Analiz ediliyor:","Analizowanie:","Analyseren:",,
"LOW","formcoach.analyzingMessage","Analyzing your form…","Analizando tu forma…","Analyse de votre forme…","Analysiere deine Form…","Analisando sua forma…","Analisi della tua tecnica…","フォームを分析中…","자세를 분석하고 있습니다…","正在分析你的动作…","جاري تحليل أدائك…","आपका फ़ॉर्म जाँचा जा रहा है…","Разбираем твою технику…","Formun analiz ediliyor…","Analizuję twoją technikę…","Je vorm wordt geanalyseerd…",,
"LOW","formcoach.beta","Beta","Beta","Bêta","Beta","Beta","Beta","ベータ","베타","测试版","تجريبي","बीटा","Бета","Beta","Beta","Bèta",,
"HIGH","formcoach.betaDisclosure","Your photo is analyzed locally on this device using AI pose detection (MoveNet). No images are sent to any server. Feedback is based on joint angles and posture from a single frame — for the most accurate read, capture mid-rep at the bottom (or top, for pull-ups).","Tu foto se analiza localmente en este dispositivo con detección de poses por IA (MoveNet). Ninguna imagen se envía a un servidor. La retroalimentación se basa en los ángulos de las articulaciones y la postura de un solo cuadro — para la lectura más precisa, captura a mitad de repetición (o en el tope, para dominadas).","Votre photo est analysée localement sur cet appareil avec la détection de pose IA (MoveNet). Aucune image n'est envoyée à un serveur. Les retours sont basés sur les angles des articulations d'une seule image — pour la lecture la plus précise, capturez à mi-répétition en bas (ou en haut pour les tractions).","Dein Foto wird lokal auf diesem Gerät mit KI-Posenerkennung (MoveNet) analysiert. Keine Bilder werden an einen Server gesendet. Feedback basiert auf Gelenkwinkeln und Haltung aus einem einzigen Frame — für genaueste Ergebnisse mitten in der Wiederholung aufnehmen (oder oben bei Klimmzügen).","Sua foto é analisada localmente neste dispositivo com detecção de pose por IA (MoveNet). Nenhuma imagem é enviada a um servidor. Feedback baseado em ângulos articulares de um único quadro — para leitura mais precisa, capture no meio da repetição (ou no topo para barra fixa).","La tua foto viene analizzata localmente su questo dispositivo con il rilevamento della posa AI (MoveNet). Nessuna immagine viene inviata a un server. Il feedback si basa sugli angoli articolari e sulla postura di un singolo fotogramma — per una lettura più accurata, scatta a metà ripetizione in basso (o in alto, per le trazioni).","写真はこのデバイス上でAIポーズ検出（MoveNet）でローカル分析されます。サーバーに画像は送信されません。フィードバックは1フレームの関節角度と姿勢に基づきます — 最も正確な分析には、レップの底でキャプチャしてください（懸垂は頂点）。","사진은 이 기기 안에서 AI 자세 인식(MoveNet)으로 분석됩니다. 어떤 이미지도 서버로 전송되지 않습니다. 피드백은 한 장의 프레임에서 얻은 관절 각도와 자세를 기준으로 합니다 — 가장 정확하게 보려면 동작의 가장 낮은 지점(턱걸이는 가장 높은 지점)에서 촬영하세요.","你的照片会在本机使用 AI 姿态识别（MoveNet）分析，不会上传到任何服务器。反馈基于单帧画面中的关节角度和姿态 — 若想更准确，请在动作最低点拍摄（引体向上则在最高点）。","تُحلَّل صورتك محليًا على هذا الجهاز باستخدام اكتشاف الوضعية بالذكاء الاصطناعي (MoveNet). لا تُرسَل أي صور إلى أي خادم. تعتمد الملاحظات على زوايا المفاصل والوضعية من لقطة واحدة — وللحصول على أدق قراءة، صوّر في منتصف التكرار عند الأسفل (أو الأعلى لتمارين العقلة).","आपकी फ़ोटो इसी डिवाइस पर AI पोज़ डिटेक्शन (MoveNet) से जाँची जाती है। कोई इमेज किसी सर्वर पर नहीं भेजी जाती। फ़ीडबैक एक ही फ़्रेम के जोड़ों के कोण और मुद्रा पर आधारित है — सबसे सटीक नतीजे के लिए रेप के बीच सबसे नीचे (पुल-अप में सबसे ऊपर) कैप्चर करें।","Твоё фото анализируется локально на этом устройстве с помощью ИИ-определения позы (MoveNet). Изображения не отправляются ни на какой сервер. Разбор строится на углах в суставах и позе с одного кадра — для самой точной оценки снимай в середине повтора в нижней точке (или в верхней — для подтягиваний).","Fotoğrafın bu cihazda yapay zekâ poz algılama (MoveNet) ile yerel olarak analiz edilir. Hiçbir görsel sunucuya gönderilmez. Geri bildirim tek bir karedeki eklem açıları ve duruşa dayanır — en doğru sonuç için tekrarın ortasında en altta (barfikste en üstte) çek.","Twoje zdjęcie jest analizowane lokalnie na tym urządzeniu przy użyciu wykrywania pozy AI (MoveNet). Żadne obrazy nie są wysyłane na serwer. Wskazówki opierają się na kątach w stawach i postawie z jednej klatki — dla najdokładniejszego odczytu zrób zdjęcie w połowie powtórzenia na dole (lub na górze przy podciąganiu).","Je foto wordt lokaal op dit toestel geanalyseerd met AI-poseherkenning (MoveNet). Er worden geen beelden naar een server gestuurd. De feedback is gebaseerd op gewrichtshoeken en houding uit één enkel beeld — voor de beste aflezing leg je vast halverwege de herhaling onderin (of bovenin bij pull-ups).",,
"LOW","formcoach.cameraAccessDenied","Camera access was denied. Enable it in your browser settings.","Se denegó el acceso a la cámara. Habilítalo en la configuración del navegador.","Accès caméra refusé. Activez-le dans les paramètres du navigateur.","Kamerazugriff verweigert. In den Browsereinstellungen aktivieren.","Acesso à câmera negado. Ative nas configurações do navegador.","Accesso alla fotocamera negato. Abilitalo nelle impostazioni del browser.","カメラへのアクセスが拒否されました。ブラウザの設定で許可してください。","카메라 접근이 거부되었습니다. 브라우저 설정에서 허용하세요.","相机权限被拒绝，请在浏览器设置中开启。","تم رفض الوصول إلى الكاميرا. فعّله من إعدادات المتصفح.","कैमरा एक्सेस अस्वीकृत। इसे ब्राउज़र सेटिंग्स में चालू करें।","Доступ к камере запрещён. Разреши его в настройках браузера.","Kamera erişimi reddedildi. Tarayıcı ayarlarından izin ver.","Odmówiono dostępu do aparatu. Włącz go w ustawieniach przeglądarki.","Cameratoegang geweigerd. Schakel dit in bij je browserinstellingen.",,
"LOW","formcoach.cameraOff","Camera is off","La cámara está apagada","Caméra éteinte","Kamera ist aus","A câmera está desligada","Fotocamera spenta","カメラはオフです","카메라가 꺼져 있습니다","相机已关闭","الكاميرا مغلقة","कैमरा बंद है","Камера выключена","Kamera kapalı","Aparat wyłączony","Camera staat uit",,
"LOW","formcoach.cardTagline","AI form check on your lifts","Chequeo de técnica con IA en tus levantamientos","Analyse de ta technique par IA","KI-Formcheck für deine Übungen","Checagem de técnica com IA nos seus treinos","Controllo della tecnica con l'AI","AIによるフォームチェック","AI가 자세를 확인해 드립니다","用 AI 检查你的动作","فحص أدائك بالذكاء الاصطناعي","आपकी लिफ़्ट का AI फ़ॉर्म चेक","ИИ-проверка техники твоих подходов","Setlerinde yapay zekâ ile form kontrolü","Sprawdzanie techniki przez AI","AI-vormcontrole op je oefeningen",,
"LOW","formcoach.corrections","Corrections","Correcciones","Corrections","Korrekturen","Correções","Correzioni","修正点","교정할 점","需要改进","التصحيحات","सुधार","Что поправить","Düzeltmeler","Poprawki","Verbeterpunten",,
"LOW","formcoach.detectingBody","Detecting body posture and joint angles.","Detectando postura y ángulos articulares.","Détection de la posture et des angles articulaires.","Erkenne Körperhaltung und Gelenkwinkel.","Detectando postura e ângulos articulares.","Rilevamento della postura e degli angoli articolari.","姿勢と関節の角度を検出中。","신체 자세와 관절 각도를 인식합니다.","正在识别身体姿态和关节角度。","اكتشاف وضعية الجسم وزوايا المفاصل.","शरीर की मुद्रा और जोड़ों के कोण पहचाने जा रहे हैं।","Определяем позу и углы в суставах.","Vücut duruşu ve eklem açıları algılanıyor.","Wykrywanie postawy ciała i kątów w stawach.","Lichaamshouding en gewrichtshoeken worden herkend.",,
"LOW","formcoach.formAnalysis","Form analysis","Análisis de forma","Analyse de forme","Form-Analyse","Análise de forma","Analisi della tecnica","フォーム分析","자세 분석","动作分析","تحليل الأداء","फ़ॉर्म विश्लेषण","Разбор техники","Form analizi","Analiza techniki","Vormanalyse",,
"LOW","formcoach.fullBody","Head to feet, all visible.","De pies a cabeza, todo visible.","De la tête aux pieds, tout visible.","Von Kopf bis Fuß, alles sichtbar.","Da cabeça aos pés, tudo visível.","Dalla testa ai piedi, tutto visibile.","頭から足まで、すべて見える。","머리부터 발끝까지 모두 보이게.","从头到脚，全部入镜。","من الرأس إلى القدمين، كل شيء ظاهر.","सिर से पैर तक, सब दिखे।","С головы до ног, всё в кадре.","Baştan ayağa, hepsi görünür.","Od głowy do stóp, wszystko widoczne.","Van hoofd tot voeten, alles zichtbaar.",,
"LOW","formcoach.goodAngle","Good camera angle","Buen ángulo de cámara","Bon angle de caméra","Guter Kamerawinkel","Bom ângulo de câmera","Buona angolazione","良いカメラアングル","좋은 카메라 각도","角度合适","زاوية تصوير جيدة","कैमरा एंगल सही है","Хороший ракурс","İyi kamera açısı","Dobry kąt kamery","Goede camerahoek",,
"LOW","formcoach.goodAngleCaption","Best for squat, deadlift, OHP.","Mejor para sentadilla, peso muerto, OHP.","Idéal pour squat, soulevé de terre, OHP.","Am besten für Kniebeuge, Kreuzheben, OHP.","Ideal para agachamento, levantamento terra, OHP.","Ideale per squat, stacco, lento avanti.","スクワット、デッドリフト、OHPに最適。","스쿼트, 데드리프트, 오버헤드 프레스에 적합.","适合深蹲、硬拉、推举。","الأفضل للسكوات والرفعة المميتة والضغط العلوي.","स्क्वाट, डेडलिफ़्ट, ओवरहेड प्रेस के लिए सबसे अच्छा।","Лучше всего для приседа, тяги, жима над головой.","Squat, deadlift ve omuz presi için en iyisi.","Najlepszy do przysiadu, martwego ciągu, wyciskania nad głowę.","Het beste voor squat, deadlift en overhead press.",,
"LOW","formcoach.goodAngleDesc","Side view, full body in frame.","Vista lateral, cuerpo completo en cuadro.","Vue de côté, corps entier dans le cadre.","Seitenansicht, ganzer Körper im Bild.","Vista lateral, corpo inteiro no quadro.","Vista laterale, corpo intero nell'inquadratura.","横向き、全身がフレームに入る。","측면에서, 전신이 화면에 들어오게.","侧面视角，全身入镜。","منظر جانبي، والجسم كامل في الإطار.","साइड व्यू, पूरा शरीर फ़्रेम में।","Вид сбоку, всё тело в кадре.","Yandan görünüm, tüm vücut karede.","Widok z boku, całe ciało w kadrze.","Zijaanzicht, hele lichaam in beeld.",,
"LOW","formcoach.holdPosition","Hold your position and press capture.","Mantén la posición y pulsa capturar.","Tenez la position et capturez.","Halte die Position und drücke aufnehmen.","Mantenha a posição e pressione capturar.","Mantieni la posizione e premi scatta.","姿勢を保ってキャプチャしてください。","자세를 유지하고 촬영을 누르세요.","保持姿势并按下拍摄。","ثبّت وضعيتك واضغط التقاط.","अपनी स्थिति बनाए रखें और कैप्चर दबाएं।","Держи позицию и нажми съёмку.","Pozisyonunu koru ve çekime bas.","Utrzymaj pozycję i naciśnij przycisk zdjęcia.","Houd je houding vast en druk op vastleggen.",,
"LOW","formcoach.howAnalysisDesc","On-device AI detects your joints. Nothing leaves your phone.","IA en el dispositivo detecta tus articulaciones. Nada sale de tu teléfono.","L'IA sur l'appareil détecte vos articulations. Rien ne quitte votre téléphone.","KI auf dem Gerät erkennt deine Gelenke. Nichts verlässt dein Handy.","IA no dispositivo detecta suas articulações. Nada sai do seu celular.","L'AI sul dispositivo rileva le articolazioni. Niente esce dal telefono.","デバイス上のAIが関節を検出。データは外部に送信されません。","기기 내 AI가 관절을 인식합니다. 사진은 휴대폰을 벗어나지 않습니다.","设备端 AI 识别关节位置，照片不会离开你的手机。","ذكاء اصطناعي على جهازك يكتشف مفاصلك. لا شيء يغادر هاتفك.","डिवाइस पर मौजूद AI आपके जोड़ पहचानता है। कुछ भी आपके फ़ोन से बाहर नहीं जाता।","ИИ на устройстве находит суставы. Ничего не покидает твой телефон.","Cihazındaki yapay zekâ eklemlerini algılar. Hiçbir şey telefonundan çıkmaz.","AI na urządzeniu wykrywa twoje stawy. Nic nie opuszcza telefonu.","AI op je toestel herkent je gewrichten. Er verlaat niets je telefoon.",,
"LOW","formcoach.howAnalysisWorks","How analysis works","Cómo funciona el análisis","Comment fonctionne l'analyse","Wie die Analyse funktioniert","Como funciona a análise","Come funziona l'analisi","分析の仕組み","분석 원리","分析原理","كيف يتم التحليل","विश्लेषण कैसे होता है","Как устроен разбор","Analiz nasıl yapılır","Jak działa analiza","Hoe de analyse werkt",,
"LOW","formcoach.howItWorks","How it works","Cómo funciona","Comment ça marche","So funktioniert es","Como funciona","Come funziona","使い方","작동 방식","工作原理","كيف يعمل","यह कैसे काम करता है","Как это работает","Nasıl çalışır","Jak to działa","Hoe het werkt",,
"LOW","formcoach.howItWorksHeader","How this works:","Cómo funciona:","Comment ça marche :","So funktioniert es:","Como funciona:","Come funziona:","仕組み：","작동 방식:","工作原理：","كيف يعمل هذا:","यह ऐसे काम करता है:","Как это работает:","Bu nasıl çalışır:","Jak to działa:","Hoe dit werkt:",,
"LOW","formcoach.injuryRisks","Injury risks","Riesgo de lesión","Risques de blessure","Verletzungsrisiken","Risco de lesão","Rischi di infortunio","怪我のリスク","부상 위험","受伤风险","مخاطر الإصابة","चोट का जोखिम","Риск травмы","Sakatlık riskleri","Ryzyko kontuzji","Blessurerisico",,
"LOW","formcoach.modelLoadingMessage","Loading the AI model (one-time, ~3 MB)…","Cargando modelo de IA (una vez, ~3 MB)…","Chargement du modèle IA (unique, ~3 Mo)…","Lade KI-Modell (einmalig, ~3 MB)…","Carregando modelo de IA (uma vez, ~3 MB)…","Caricamento del modello AI (una sola volta, ~3 MB)…","AIモデルをロード中（初回、約3 MB）…","AI 모델을 불러오는 중입니다 (최초 1회, 약 3 MB)…","正在加载 AI 模型（仅一次，约 3 MB）…","جاري تحميل نموذج الذكاء الاصطناعي (مرة واحدة، ~3 ميغابايت)…","AI मॉडल लोड हो रहा है (एक बार, ~3 MB)…","Загружаем ИИ-модель (один раз, ~3 МБ)…","Yapay zekâ modeli yükleniyor (tek seferlik, ~3 MB)…","Ładowanie modelu AI (jednorazowo, ~3 MB)…","Het AI-model wordt geladen (eenmalig, ~3 MB)…",,
"LOW","formcoach.noBodyCorrection1","I couldn't see your full body in the frame.","No pude ver tu cuerpo completo en el cuadro.","Je n'ai pas pu voir votre corps entier dans le cadre.","Konnte deinen Körper nicht vollständig erkennen.","Não consegui ver seu corpo inteiro no quadro.","Non sono riuscito a vedere tutto il corpo nell'inquadratura.","フレームに全身が見えませんでした。","화면에서 전신을 확인하지 못했습니다.","画面中没有看到你的全身。","لم أتمكن من رؤية جسمك كاملًا في الإطار.","मैं फ़्रेम में आपका पूरा शरीर नहीं देख सका।","Я не увидел тебя целиком в кадре.","Karede vücudunun tamamını göremedim.","Nie widziałem całej twojej sylwetki w kadrze.","Ik zag je lichaam niet volledig in beeld.",,
"LOW","formcoach.noBodyCorrection2","Try: better lighting, plain background, full body visible from head to feet.","Prueba: mejor iluminación, fondo simple, cuerpo completo visible.","Essayez : meilleur éclairage, fond simple, corps entier visible.","Versuche: bessere Beleuchtung, einfacher Hintergrund, ganzer Körper sichtbar.","Tente: melhor iluminação, fundo simples, corpo inteiro visível.","Prova: luce migliore, sfondo semplice, corpo intero visibile dalla testa ai piedi.","照明、シンプルな背景、全身が見えるようにしてください。","조명을 밝게, 배경을 단순하게, 머리부터 발끝까지 보이게 해보세요.","试试：更好的光线、简洁的背景、从头到脚完整入镜。","جرّب: إضاءة أفضل، خلفية بسيطة، والجسم كامل من الرأس إلى القدمين.","आज़माएं: बेहतर रोशनी, सादा बैकग्राउंड, सिर से पैर तक पूरा शरीर।","Попробуй: больше света, простой фон, всё тело с головы до ног.","Dene: daha iyi ışık, sade arka plan, baştan ayağa tüm vücut.","Spróbuj: lepsze światło, proste tło, całe ciało od głowy do stóp.","Probeer: beter licht, effen achtergrond, hele lichaam van hoofd tot voeten.",,
"LOW","formcoach.noBodyDetected","No body detected","No se detectó cuerpo","Aucun corps détecté","Kein Körper erkannt","Nenhum corpo detectado","Nessun corpo rilevato","身体が検出されません","신체가 인식되지 않음","未检测到人体","لم يتم اكتشاف الجسم","शरीर नहीं दिखा","Тело не найдено","Vücut algılanmadı","Nie wykryto sylwetki","Geen lichaam herkend",,
"LOW","formcoach.noBodyTip","For most lifts, side-on framing at hip height works best.","Para la mayoría de levantamientos, vista lateral a altura de cadera funciona mejor.","Pour la plupart des levées, vue de côté à hauteur de hanche est idéale.","Für die meisten Lifte ist eine Seitenansicht in Hüfthöhe am besten.","Para a maioria dos exercícios, vista lateral na altura do quadril é ideal.","Per la maggior parte degli esercizi, l'inquadratura laterale all'altezza dell'anca è la migliore.","ほとんどのリフトでは、腰の高さの横向きアングルが最適です。","대부분의 운동은 엉덩이 높이에서 측면으로 촬영하는 것이 가장 좋습니다.","大多数动作从侧面、髋部高度拍摄效果最好。","لمعظم التمارين، التصوير الجانبي على ارتفاع الورك هو الأفضل.","ज़्यादातर लिफ़्ट के लिए कमर की ऊंचाई से साइड से लेना सबसे अच्छा है।","Для большинства упражнений лучше снимать сбоку на высоте таза.","Çoğu hareket için kalça hizasından yandan çekim en iyisidir.","Przy większości ćwiczeń najlepiej filmować z boku na wysokości bioder.","Bij de meeste oefeningen werkt een zijaanzicht op heuphoogte het beste.",,
"LOW","formcoach.noCameraFound","No camera found on this device.","No se encontró cámara en este dispositivo.","Aucune caméra trouvée sur cet appareil.","Keine Kamera auf diesem Gerät gefunden.","Nenhuma câmera encontrada neste dispositivo.","Nessuna fotocamera trovata su questo dispositivo.","このデバイスにカメラが見つかりません。","이 기기에서 카메라를 찾을 수 없습니다.","此设备上未找到相机。","لم يتم العثور على كاميرا في هذا الجهاز.","इस डिवाइस पर कोई कैमरा नहीं मिला।","На этом устройстве камера не найдена.","Bu cihazda kamera bulunamadı.","Nie znaleziono aparatu na tym urządzeniu.","Geen camera gevonden op dit toestel.",,
"LOW","formcoach.noCameraSupport","Couldn't start the camera (in use by another app, perhaps?).","No se pudo iniciar la cámara (¿en uso por otra app?).","Impossible de démarrer la caméra (utilisée par une autre app ?).","Kamera kann nicht gestartet werden (von anderer App genutzt?).","Não foi possível iniciar a câmera (em uso por outro app?).","Impossibile avviare la fotocamera (forse è in uso da un'altra app?).","カメラを起動できません（他のアプリで使用中？）。","카메라를 시작하지 못했습니다 (다른 앱이 사용 중일 수 있습니다).","无法启动相机（可能被其他应用占用）。","تعذّر تشغيل الكاميرا (ربما يستخدمها تطبيق آخر؟).","कैमरा शुरू नहीं हो सका (शायद कोई और ऐप इस्तेमाल कर रहा है?)।","Не удалось запустить камеру (возможно, её занял другое приложение).","Kamera başlatılamadı (başka bir uygulama kullanıyor olabilir).","Nie udało się uruchomić aparatu (może używa go inna aplikacja?).","Kon de camera niet starten (misschien in gebruik door een andere app?).",,
"HIGH","formcoach.partialDetectionMessage","Some joints weren't fully visible. Results below are best-effort — try better lighting or a clearer angle for a more confident read.","Algunas articulaciones no fueron visibles. Resultados aproximados — intenta mejor iluminación o un ángulo más claro.","Certaines articulations n'étaient pas entièrement visibles. Résultats approximatifs — essayez un meilleur éclairage ou un angle plus clair.","Einige Gelenke waren nicht vollständig sichtbar. Ergebnisse sind ungefähr — versuche bessere Beleuchtung oder einen klareren Winkel.","Algumas articulações não estavam totalmente visíveis. Resultados aproximados — tente melhor iluminação ou ângulo mais claro.","Alcune articolazioni non erano del tutto visibili. I risultati qui sotto sono approssimativi — prova con più luce o un'angolazione più chiara per un esito più affidabile.","一部の関節が完全に見えませんでした。結果は概算です — 照明や角度を改善してください。","일부 관절이 완전히 보이지 않았습니다. 아래 결과는 참고용입니다 — 조명이나 각도를 개선하면 더 정확해집니다.","部分关节没有完全露出。下面的结果仅供参考 — 改善光线或角度可获得更可靠的判断。","بعض المفاصل لم تكن ظاهرة بالكامل. النتائج أدناه تقريبية — جرّب إضاءة أفضل أو زاوية أوضح لقراءة أدق.","कुछ जोड़ पूरी तरह नहीं दिखे। नीचे के नतीजे अनुमानित हैं — बेहतर रोशनी या साफ़ एंगल से ज़्यादा भरोसेमंद नतीजा मिलेगा।","Часть суставов было видно не полностью. Результаты ниже приблизительные — добавь света или смени ракурс для более точного разбора.","Bazı eklemler tam görünmüyordu. Aşağıdaki sonuçlar yaklaşıktır — daha iyi ışık veya net bir açı daha güvenilir sonuç verir.","Część stawów nie była w pełni widoczna. Wyniki poniżej są przybliżone — lepsze światło lub wyraźniejszy kąt dadzą pewniejszy odczyt.","Sommige gewrichten waren niet volledig zichtbaar. De resultaten hieronder zijn een benadering — beter licht of een duidelijker hoek geeft een betrouwbaardere uitkomst.",,
"HIGH","formcoach.partialDetectionTitle","Partial detection","Detección parcial","Détection partielle","Teilweise Erkennung","Detecção parcial","Rilevamento parziale","部分検出","부분 인식","部分识别","اكتشاف جزئي","आंशिक पहचान","Частичное распознавание","Kısmi algılama","Częściowe wykrycie","Gedeeltelijke herkenning",,
"LOW","formcoach.positionYourself","Position yourself, capture, get feedback.","Posiciónate, captura y recibe retroalimentación.","Positionnez-vous, capturez, obtenez des retours.","Positioniere dich, nimm auf, erhalte Feedback.","Posicione-se, capture e receba feedback.","Mettiti in posizione, scatta, ricevi il feedback.","位置を取り、撮影、フィードバックを得る。","자세를 잡고 촬영하면 피드백을 받습니다.","摆好姿势，拍摄，获取反馈。","خذ وضعيتك، التقط، واحصل على الملاحظات.","स्थिति लें, कैप्चर करें, फ़ीडबैक पाएँ।","Встань в позицию, сделай снимок, получи разбор.","Pozisyonunu al, çek, geri bildirim al.","Ustaw się, zrób zdjęcie, dostań wskazówki.","Ga staan, leg vast, krijg feedback.",,
"LOW","formcoach.searchExercise","Search exercises…","Buscar ejercicios…","Rechercher des exercices…","Übungen suchen…","Buscar exercícios…","Cerca esercizi…","種目を検索…","운동 검색…","搜索动作…","ابحث عن تمرين…","व्यायाम खोजें…","Поиск упражнений…","Egzersiz ara…","Szukaj ćwiczeń…","Zoek oefeningen…",,
"LOW","formcoach.selectExercise","Pick an exercise","Elige un ejercicio","Choisissez un exercice","Übung wählen","Escolha um exercício","Scegli un esercizio","種目を選択","운동 선택","选择动作","اختر تمرينًا","व्यायाम चुनें","Выбери упражнение","Bir egzersiz seç","Wybierz ćwiczenie","Kies een oefening",,
"LOW","formcoach.selectExerciseFirst","Pick an exercise above first.","Selecciona un ejercicio primero.","Choisissez un exercice d'abord.","Wähle zuerst eine Übung.","Escolha um exercício primeiro.","Scegli prima un esercizio qui sopra.","まず種目を選んでください。","먼저 위에서 운동을 선택하세요.","请先在上方选择一个动作。","اختر تمرينًا من الأعلى أولًا.","पहले ऊपर से एक व्यायाम चुनें।","Сначала выбери упражнение выше.","Önce yukarıdan bir egzersiz seç.","Najpierw wybierz ćwiczenie powyżej.","Kies eerst hierboven een oefening.",,
"LOW","formcoach.startCamera","Start camera","Iniciar cámara","Démarrer la caméra","Kamera starten","Iniciar câmera","Avvia la fotocamera","カメラ開始","카메라 켜기","开启相机","تشغيل الكاميرا","कैमरा चालू करें","Включить камеру","Kamerayı başlat","Włącz aparat","Camera starten",,
"LOW","formcoach.tip1","Bright, even lighting.","Iluminación brillante y uniforme.","Éclairage vif et uniforme.","Helle, gleichmäßige Beleuchtung.","Iluminação brilhante e uniforme.","Luce intensa e uniforme.","明るく均一な照明。","밝고 고른 조명.","明亮均匀的光线。","إضاءة ساطعة ومتساوية.","तेज़, समान रोशनी।","Яркий, ровный свет.","Parlak, eşit aydınlatma.","Jasne, równomierne światło.","Fel, gelijkmatig licht.",,
"LOW","formcoach.tip2","Plain background helps detection.","Un fondo simple ayuda a la detección.","Un fond simple aide la détection.","Einfacher Hintergrund hilft der Erkennung.","Fundo simples ajuda na detecção.","Uno sfondo semplice aiuta il rilevamento.","シンプルな背景が検出を助けます。","단순한 배경이 인식에 도움이 됩니다.","简洁的背景有助于识别。","الخلفية البسيطة تساعد على الاكتشاف.","सादा बैकग्राउंड पहचान में मदद करता है।","Простой фон помогает распознаванию.","Sade arka plan algılamayı kolaylaştırır.","Proste tło ułatwia wykrywanie.","Een effen achtergrond helpt bij de herkenning.",,
"LOW","formcoach.tip3","Capture mid-rep at the bottom.","Captura a mitad de repetición.","Capturez à mi-répétition en bas.","Aufnahme mitten in der Wiederholung.","Capture no meio da repetição.","Scatta a metà ripetizione, in basso.","レップの底でキャプチャ。","동작 중간, 가장 낮은 지점에서 촬영하세요.","在动作最低点拍摄。","التقط في منتصف التكرار عند الأسفل.","रेप के बीच, सबसे नीचे कैप्चर करें।","Снимай в середине повтора, в нижней точке.","Tekrarın ortasında, en altta çek.","Zrób zdjęcie w połowie powtórzenia, na dole.","Leg vast halverwege de herhaling, onderin.",,
"LOW","formcoach.tip4","Wear contrasting clothing.","Usa ropa contrastante.","Portez des vêtements contrastés.","Trage kontrastierende Kleidung.","Use roupas contrastantes.","Indossa abiti a contrasto.","コントラストのある服装を着用。","대비되는 색의 옷을 입으세요.","穿与背景对比明显的衣服。","ارتدِ ملابس مغايرة للخلفية.","कंट्रास्ट वाले कपड़े पहनें।","Надень контрастную одежду.","Kontrast oluşturan kıyafet giy.","Ubierz się kontrastowo.","Draag contrasterende kleding.",,
"LOW","formcoach.tips","Tips","Consejos","Conseils","Tipps","Dicas","Consigli","ヒント","팁","小贴士","نصائح","सुझाव","Советы","İpuçları","Wskazówki","Tips",,
"MED","formcoach.title","Form Coach","Coach de Forma","Coach de Forme","Form-Coach","Coach de Forma","Form Coach","フォームコーチ","폼 코치","动作教练","مدرّب الأداء","फ़ॉर्म कोच","Тренер техники","Form Koçu","Trener techniki","Vormcoach",,
"LOW","formcoach.whatsGood","What's good","Lo bueno","Points forts","Was gut ist","Pontos fortes","Cosa va bene","良い点","잘한 점","做得好的地方","ما هو جيد","क्या अच्छा है","Что хорошо","İyi olanlar","Co jest dobrze","Wat goed gaat",,
"LOW","notifications.clearAll","Clear all","Borrar todo","Tout effacer","Alle löschen","Limpar tudo","Cancella tutto","すべて削除","모두 지우기","全部清除","مسح الكل","सभी हटाएं","Очистить всё","Tümünü temizle","Wyczyść wszystko","Alles wissen",,
"LOW","notifications.clearAllFailed","Could not clear — try again.","No se pudo borrar — inténtalo de nuevo.","Impossible d’effacer — réessaie.","Konnte nicht gelöscht werden — versuch es erneut.","Não foi possível limpar — tente novamente.","Impossibile cancellare — riprova.","削除できませんでした — もう一度お試しください。","지우지 못했습니다 — 다시 시도하세요.","清除失败 — 请重试。","تعذّر المسح — حاول مجددًا.","हटाया नहीं जा सका — फिर कोशिश करें।","Не удалось очистить — попробуй ещё раз.","Temizlenemedi — tekrar dene.","Nie udało się wyczyścić — spróbuj ponownie.","Wissen mislukt — probeer opnieuw.",,
"LOW","notifications.delete","Delete","Eliminar","Supprimer","Löschen","Excluir","Elimina","削除","삭제","删除","حذف","हटाएं","Удалить","Sil","Usuń","Verwijderen",,
"LOW","notifications.deleteFailed","Could not delete — try again.","No se pudo eliminar — inténtalo de nuevo.","Impossible de supprimer — réessaie.","Konnte nicht gelöscht werden — versuch es erneut.","Não foi possível excluir — tente novamente.","Impossibile eliminare — riprova.","削除できませんでした — もう一度お試しください。","삭제하지 못했습니다 — 다시 시도하세요.","删除失败 — 请重试。","تعذّر الحذف — حاول مجددًا.","हटाया नहीं जा सका — फिर कोशिश करें।","Не удалось удалить — попробуй ещё раз.","Silinemedi — tekrar dene.","Nie udało się usunąć — spróbuj ponownie.","Verwijderen mislukt — probeer opnieuw.",,
"HIGH","notifications.empty.desc","When you complete quests, hit streaks, or your friends post, you'll see it here.","Cuando completes misiones, mantengas rachas o tus amigos publiquen, lo verás aquí.","Lorsque vous complétez des quêtes, atteignez des séries ou que vos amis publient, vous le verrez ici.","Wenn du Quests abschließt, Serien erreichst oder deine Freunde posten, siehst du es hier.","Quando completar missões, manter sequências ou seus amigos postarem, você verá aqui.","Quando completi missioni, raggiungi serie o i tuoi amici pubblicano, lo vedrai qui.","クエスト完了、連続記録、フォロー中のユーザーの投稿があると、ここに表示されます。","퀘스트를 완료하거나 연속 기록을 세우거나 친구가 게시하면 여기에 표시됩니다.","完成任务、达成连续记录或好友发帖时，都会显示在这里。","عند إكمال المهام أو تحقيق سلسلة أو نشر أصدقائك، سيظهر ذلك هنا.","जब आप क्वेस्ट पूरे करेंगे, स्ट्रीक बनाएंगे या दोस्त पोस्ट करेंगे, तो यहां दिखेगा।","Когда выполнишь задания, наберёшь серию или друзья что-то опубликуют — увидишь это здесь.","Görevleri tamamladığında, seri yaptığında veya arkadaşların paylaştığında burada göreceksin.","Gdy ukończysz zadania, zdobędziesz serię lub znajomi coś opublikują — zobaczysz to tutaj.","Als je quests voltooit, reeksen haalt of vrienden posten, zie je het hier.",,
"LOW","notifications.empty.friendsDesc","Follow friends and you'll see their posts and reactions here.","Sigue a tus amigos y verás sus publicaciones y reacciones aquí.","Suis des amis et tu verras leurs publications et réactions ici.","Folge Freunden, dann siehst du hier ihre Beiträge und Reaktionen.","Siga amigos e você verá as publicações e reações deles aqui.","Segui gli amici e vedrai qui i loro post e le loro reazioni.","フレンドをフォローすると、投稿やリアクションがここに表示されます。","친구를 팔로우하면 그들의 게시물과 반응이 여기에 표시됩니다.","关注好友后，他们的动态和互动会显示在这里。","تابِع أصدقاءك وسترى منشوراتهم وتفاعلاتهم هنا.","दोस्तों को फ़ॉलो करें और उनकी पोस्ट व प्रतिक्रियाएँ यहां देखें।","Подпишись на друзей, и их посты и реакции появятся здесь.","Arkadaşlarını takip et, paylaşımlarını ve tepkilerini burada gör.","Obserwuj znajomych, a ich posty i reakcje pojawią się tutaj.","Volg vrienden en je ziet hun posts en reacties hier.",,
"LOW","notifications.empty.friendsTitle","No friend activity yet","Aún no hay actividad de amigos","Aucune activité d’amis","Noch keine Freundesaktivität","Ainda sem atividade de amigos","Ancora nessuna attività degli amici","フレンドの活動はまだありません","아직 친구 활동이 없습니다","还没有好友动态","لا يوجد نشاط للأصدقاء بعد","अभी दोस्तों की कोई गतिविधि नहीं","活Пока нет активности друзей","Henüz arkadaş etkinliği yok","Brak aktywności znajomych","Nog geen activiteit van vrienden",,
"MED","notifications.empty.title","No notifications yet","Aún no hay notificaciones","Aucune notification","Noch keine Benachrichtigungen","Sem notificações ainda","Ancora nessuna notifica","通知はまだありません","아직 알림이 없습니다","还没有通知","لا توجد إشعارات بعد","अभी कोई सूचना नहीं","Уведомлений пока нет","Henüz bildirim yok","Brak powiadomień","Nog geen meldingen",,
"LOW","notifications.error.desc","Check your connection and try again.","Comprueba tu conexión e inténtalo de nuevo.","Vérifie ta connexion et réessaie.","Prüfe deine Verbindung und versuch es erneut.","Verifique sua conexão e tente novamente.","Controlla la connessione e riprova.","接続を確認してもう一度お試しください。","연결을 확인하고 다시 시도하세요.","请检查网络后重试。","تحقّق من اتصالك وحاول مجددًا.","अपना कनेक्शन जांचें और फिर कोशिश करें।","Проверь соединение и попробуй ещё раз.","Bağlantını kontrol edip tekrar dene.","Sprawdź połączenie i spróbuj ponownie.","Controleer je verbinding en probeer opnieuw.",,
"MED","notifications.error.title","Couldn't load notifications","No se pudieron cargar las notificaciones","Impossible de charger les notifications","Benachrichtigungen konnten nicht geladen werden","Não foi possível carregar as notificações","Impossibile caricare le notifiche","通知を読み込めませんでした","알림을 불러오지 못했습니다","无法加载通知","تعذّر تحميل الإشعارات","सूचनाएं लोड नहीं हो सकीं","Не удалось загрузить уведомления","Bildirimler yüklenemedi","Nie udało się wczytać powiadomień","Meldingen konden niet worden geladen",,
"LOW","notifications.filter","Filter notifications","Filtrar notificaciones","Filtrer les notifications","Benachrichtigungen filtern","Filtrar notificações","Filtra le notifiche","通知を絞り込む","알림 필터","筛选通知","تصفية الإشعارات","सूचनाएं फ़िल्टर करें","Фильтр уведомлений","Bildirimleri filtrele","Filtruj powiadomienia","Meldingen filteren",,
"LOW","notifications.markAllRead","Mark all as read","Marcar todo como leído","Tout marquer comme lu","Alle als gelesen markieren","Marcar tudo como lido","Segna tutto come letto","すべて既読にする","모두 읽음으로 표시","全部标记为已读","تعليم الكل كمقروء","सभी पढ़ा हुआ चिह्नित करें","Отметить всё прочитанным","Tümünü okundu işaretle","Oznacz wszystko jako przeczytane","Alles als gelezen markeren",,
"LOW","notifications.markAllReadError","Could not mark notifications as read.","No se pudieron marcar las notificaciones como leídas.","Impossible de marquer les notifications comme lues.","Benachrichtigungen konnten nicht als gelesen markiert werden.","Não foi possível marcar as notificações como lidas.","Impossibile segnare le notifiche come lette.","通知を既読にできませんでした。","알림을 읽음으로 표시하지 못했습니다.","无法将通知标记为已读。","تعذّر تعليم الإشعارات كمقروءة.","सूचनाओं को पढ़ा हुआ चिह्नित नहीं किया जा सका।","Не удалось отметить уведомления прочитанными.","Bildirimler okundu olarak işaretlenemedi.","Nie udało się oznaczyć powiadomień jako przeczytane.","Meldingen konden niet als gelezen worden gemarkeerd.",,
"LOW","notifications.row.capsule.label.elite","Elite","Élite","Élite","Elite","Elite","Elite","エリート","엘리트","精英","نخبة","एलीट","Элитная","Elit","Elitarna","Elite",,
"LOW","notifications.row.capsule.label.mystery","Mystery","Misteriosa","Mystère","Mysteriös","Misteriosa","Mistero","ミステリー","미스터리","神秘","غامضة","रहस्य","Загадочная","Gizemli","Tajemnicza","Mysterie",,
"LOW","notifications.row.capsule.label.premium","Premium","Premium","Premium","Premium","Premium","Premium","プレミアム","프리미엄","高级","مميزة","प्रीमियम","Премиум","Premium","Premium","Premium",,
"LOW","notifications.row.capsule.label.standard","Standard","Estándar","Standard","Standard","Padrão","Standard","スタンダード","스탠다드","标准","عادية","स्टैंडर्ड","Обычная","Standart","Standardowa","Standaard",,
"LOW","notifications.row.capsule_earned.body_default","Open it from your bag.","Ábrela desde tu bolsa.","Ouvrez-la depuis votre sac.","Öffne sie aus deiner Tasche.","Abra-a na sua bolsa.","Aprila dalla tua borsa.","バッグから開封してください。","가방에서 열어보세요.","在背包中打开。","افتحها من حقيبتك.","इसे अपने बैग से खोलें।","Открой её в сумке.","Çantandan aç.","Otwórz ją w plecaku.","Open hem in je tas.",,
"MED","notifications.row.capsule_earned.title","🎁 {label} Capsule earned","🎁 Cápsula {label} obtenida","🎁 Capsule {label} obtenue","🎁 {label}-Kapsel erhalten","🎁 Cápsula {label} conquistada","🎁 Capsula {label} ottenuta","🎁 {label}カプセル獲得","🎁 {label} 캡슐 획득","🎁 获得{label}胶囊","🎁 حصلت على كبسولة {label}","🎁 {label} कैप्सूल मिला","🎁 Получена капсула «{label}»","🎁 {label} kapsül kazanıldı","🎁 Zdobyto kapsułę {label}","🎁 {label}-capsule verdiend",,
"MED","notifications.row.friend_follow.body","Tap to view their profile.","Toca para ver su perfil.","Touchez pour voir son profil.","Tippe, um das Profil zu sehen.","Toque para ver o perfil.","Tocca per vedere il profilo.","タップしてプロフィールを見る。","탭하여 프로필 보기.","点按查看主页。","اضغط لعرض الملف الشخصي.","प्रोफ़ाइल देखने के लिए टैप करें।","Нажми, чтобы открыть профиль.","Profili görmek için dokun.","Dotknij, aby zobaczyć profil.","Tik om het profiel te bekijken.",,
"MED","notifications.row.friend_follow.title","{name} followed you","{name} te sigue","{name} vous suit","{name} folgt dir jetzt","{name} te seguiu","{name} ha iniziato a seguirti","{name}があなたをフォローしました","{name}님이 회원님을 팔로우했습니다","{name} 关注了你","{name} تابعك","{name} ने आपको फ़ॉलो किया","{name} подписался на тебя","{name} seni takip etti","{name} zaczął(-ęła) Cię obserwować","{name} volgt je nu",,
"MED","notifications.row.friend_post.title","{name} posted","{name} publicó","{name} a publié","{name} hat gepostet","{name} publicou","{name} ha pubblicato","{name}が投稿しました","{name}님이 게시했습니다","{name} 发布了动态","{name} نشر","{name} ने पोस्ट किया","{name} опубликовал","{name} paylaştı","{name} opublikował(a)","{name} heeft gepost",,
"MED","notifications.row.league_demoted.body","Climb back next week!","¡Vuelve a subir la próxima semana!","Remontez la semaine prochaine !","Nächste Woche zurückklettern!","Suba de novo na próxima semana!","Risali la prossima settimana!","来週、また登りましょう！","다음 주에 다시 올라가세요!","下周争取升回去！","ارجع للصعود الأسبوع القادم!","अगले हफ़्ते वापस चढ़ें!","Вернись наверх на следующей неделе!","Haftaya geri tırman!","Wróć na górę w przyszłym tygodniu!","Klim volgende week terug!",,
"MED","notifications.row.league_demoted.title","⬇️ Demoted to {tier}","⬇️ Descendido a {tier}","⬇️ Rétrogradé à {tier}","⬇️ Abgestiegen zu {tier}","⬇️ Rebaixado para {tier}","⬇️ Retrocesso in {tier}","⬇️ {tier}に降格","⬇️ {tier}(으)로 강등","⬇️ 降级到{tier}","⬇️ هبوط إلى {tier}","⬇️ {tier} में गिरे","⬇️ Понижение до {tier}","⬇️ {tier} liginе düştün","⬇️ Spadek do {tier}","⬇️ Gedegradeerd naar {tier}",,
"LOW","notifications.row.league_held.body_coins","+{coins} coins","+{coins} monedas","+{coins} pièces","+{coins} Münzen","+{coins} moedas","+{coins} monete","+{coins}コイン","+{coins} 코인","+{coins} 金币","+{coins} عملة","+{coins} सिक्के","+{coins} монет","+{coins} jeton","+{coins} monet","+{coins} munten",,
"LOW","notifications.row.league_held.body_default","Push for promotion next week.","Apunta a la promoción la próxima semana.","Visez la promotion la semaine prochaine.","Strebe nächste Woche den Aufstieg an.","Mire na promoção na próxima semana.","Punta alla promozione la prossima settimana.","来週は昇格を狙いましょう。","다음 주 승급을 노려보세요.","下周冲击晋级。","اسعَ للترقية الأسبوع القادم.","अगले हफ़्ते प्रमोशन के लिए ज़ोर लगाएं।","Побори́сь за повышение на следующей неделе.","Haftaya yükselmek için bastır.","Powalcz o awans w przyszłym tygodniu.","Ga volgende week voor promotie.",,
"MED","notifications.row.league_held.title","Held position in {tier}","Mantuviste tu posición en {tier}","Position maintenue en {tier}","Position in {tier} gehalten","Manteve a posição em {tier}","Posizione mantenuta in {tier}","{tier}で順位維持","{tier} 순위 유지","保持在{tier}","حافظت على مركزك في {tier}","{tier} में स्थान बरकरार","Позиция сохранена в {tier}","{tier} liginde kaldın","Utrzymana pozycja w {tier}","Positie behouden in {tier}",,
"MED","notifications.row.league_promoted.body","+{coins} coins","+{coins} monedas","+{coins} pièces","+{coins} Münzen","+{coins} moedas","+{coins} monete","+{coins}コイン","+{coins} 코인","+{coins} 金币","+{coins} عملة","+{coins} सिक्के","+{coins} монет","+{coins} jeton","+{coins} monet","+{coins} munten",,
"LOW","notifications.row.league_promoted.body_with_capsule","+{coins} coins + {capsule} capsule","+{coins} monedas + cápsula {capsule}","+{coins} pièces + capsule {capsule}","+{coins} Münzen + {capsule}-Kapsel","+{coins} moedas + cápsula {capsule}","+{coins} monete + capsula {capsule}","+{coins}コイン + {capsule}カプセル","+{coins} 코인 + {capsule} 캡슐","+{coins} 金币 + {capsule}胶囊","+{coins} عملة + كبسولة {capsule}","+{coins} सिक्के + {capsule} कैप्सूल","+{coins} монет + капсула {capsule}","+{coins} jeton + {capsule} kapsül","+{coins} monet + kapsuła {capsule}","+{coins} munten + {capsule}-capsule",,
"MED","notifications.row.league_promoted.title","⬆️ Promoted to {tier}!","⬆️ ¡Promovido a {tier}!","⬆️ Promu à {tier} !","⬆️ Aufgestiegen zu {tier}!","⬆️ Promovido para {tier}!","⬆️ Promosso in {tier}!","⬆️ {tier}に昇格！","⬆️ {tier}(으)로 승급!","⬆️ 晋级到{tier}！","⬆️ ترقية إلى {tier}!","⬆️ {tier} में प्रमोशन!","⬆️ Повышение до {tier}!","⬆️ {tier} ligine yükseldin!","⬆️ Awans do {tier}!","⬆️ Gepromoveerd naar {tier}!",,
"MED","notifications.row.pr_set.title","🏆 New {label} PR!","🏆 ¡Nuevo récord de {label}!","🏆 Nouveau record de {label} !","🏆 Neuer {label}-Rekord!","🏆 Novo recorde de {label}!","🏆 Nuovo record {label}!","🏆 {label}の新記録！","🏆 새로운 {label} 기록!","🏆 新的{label}纪录！","🏆 رقم قياسي جديد في {label}!","🏆 नया {label} रिकॉर्ड!","🏆 Новый рекорд: {label}!","🏆 Yeni {label} rekoru!","🏆 Nowy rekord {label}!","🏆 Nieuw {label}-record!",,
"MED","notifications.row.quest_claimed.body","Quest reward claimed.","Recompensa de misión reclamada.","Récompense de quête réclamée.","Quest-Belohnung abgeholt.","Recompensa da missão coletada.","Ricompensa della missione riscossa.","クエスト報酬を受け取りました。","퀘스트 보상을 받았습니다.","已领取任务奖励。","تم استلام مكافأة المهمة.","क्वेस्ट का इनाम मिल गया।","Награда за задание получена.","Görev ödülü alındı.","Odebrano nagrodę za zadanie.","Questbeloning geïnd.",,
"MED","notifications.row.quest_claimed.title","🪙 +{coins} coins · {quest}","🪙 +{coins} monedas · {quest}","🪙 +{coins} pièces · {quest}","🪙 +{coins} Münzen · {quest}","🪙 +{coins} moedas · {quest}","🪙 +{coins} monete · {quest}","🪙 +{coins}コイン · {quest}","🪙 +{coins} 코인 · {quest}","🪙 +{coins} 金币 · {quest}","🪙 +{coins} عملة · {quest}","🪙 +{coins} सिक्के · {quest}","🪙 +{coins} монет · {quest}","🪙 +{coins} jeton · {quest}","🪙 +{coins} monet · {quest}","🪙 +{coins} munten · {quest}",,
"HIGH","notifications.row.quest_expiry_warning.body","Quests reset at midnight. Don't miss the coins!","Las misiones se reinician a medianoche. ¡No pierdas las monedas!","Les quêtes se réinitialisent à minuit. Ne perdez pas les pièces !","Quests werden um Mitternacht zurückgesetzt. Hol dir die Münzen!","As missões reiniciam à meia-noite. Não perca as moedas!","Le missioni si azzerano a mezzanotte. Non perdere le monete!","深夜にリセットされます。コインを取り逃さないで！","퀘스트는 자정에 초기화됩니다. 코인을 놓치지 마세요!","任务将在午夜重置，别错过金币！","تُعاد المهام عند منتصف الليل. لا تفوّت العملات!","क्वेस्ट आधी रात को रीसेट होंगे। सिक्के मत चूकिए!","Задания обнуляются в полночь. Не упусти монеты!","Görevler gece yarısı sıfırlanır. Jetonları kaçırma!","Zadania resetują się o północy. Nie przegap monet!","Quests resetten om middernacht. Mis de munten niet!",,
"HIGH","notifications.row.quest_expiry_warning.title","⏳ {remaining} quests left today","⏳ {remaining} misiones por terminar","⏳ {remaining} quêtes à terminer","⏳ {remaining} Quests offen","⏳ {remaining} missões pendentes","⏳ {remaining} missioni rimaste oggi","⏳ {remaining}個のクエスト未達成","⏳ 오늘 남은 퀘스트 {remaining}개","⏳ 今天还剩 {remaining} 个任务","⏳ تبقّت {remaining} مهام اليوم","⏳ आज {remaining} क्वेस्ट बाकी","⏳ Сегодня осталось заданий: {remaining}","⏳ Bugün {remaining} görev kaldı","⏳ Zostało dziś zadań: {remaining}","⏳ Nog {remaining} quests vandaag",,
"HIGH","notifications.row.streak_break_warning.body","Your streak ends at midnight. A quick workout keeps it alive.","Tu racha termina a medianoche. Un entrenamiento rápido la mantiene viva.","Votre série se termine à minuit. Un entraînement rapide la sauve.","Dein Streak endet um Mitternacht. Ein schnelles Training rettet ihn.","Sua sequência termina à meia-noite. Um treino rápido a salva.","La tua serie finisce a mezzanotte. Un allenamento veloce la mantiene viva.","深夜にストリークが途切れます。短い運動で維持できます。","연속 기록이 자정에 끝납니다. 짧은 운동으로 이어가세요.","你的连续记录将在午夜结束。练一小会儿就能延续。","تنتهي سلسلتك عند منتصف الليل. تمرين سريع يبقيها حية.","आपकी स्ट्रीक आधी रात को खत्म होगी। एक छोटी कसरत इसे बचा लेगी।","Серия прервётся в полночь. Короткая тренировка её сохранит.","Serin gece yarısı bitiyor. Kısa bir antrenman onu yaşatır.","Twoja seria kończy się o północy. Krótki trening ją utrzyma.","Je reeks eindigt om middernacht. Een korte training houdt hem levend.",,
"HIGH","notifications.row.streak_break_warning.title","🔥 {streak}-day streak at risk","🔥 Racha de {streak} días en riesgo","🔥 Série de {streak} jours en péril","🔥 {streak}-Tage-Streak in Gefahr","🔥 Sequência de {streak} dias em risco","🔥 Serie di {streak} giorni a rischio","🔥 {streak}日連続記録が危険","🔥 {streak}일 연속 기록 위험","🔥 {streak} 天连续记录有风险","🔥 سلسلة {streak} يومًا في خطر","🔥 {streak} दिन की स्ट्रीक ख़तरे में","🔥 Серия из {streak} дней под угрозой","🔥 {streak} günlük seri risk altında","🔥 Seria {streak} dni zagrożona","🔥 Reeks van {streak} dagen loopt gevaar",,
"MED","notifications.row.streak_milestone.body","+{coins} coins","+{coins} monedas","+{coins} pièces","+{coins} Münzen","+{coins} moedas","+{coins} monete","+{coins}コイン","+{coins} 코인","+{coins} 金币","+{coins} عملة","+{coins} सिक्के","+{coins} монет","+{coins} jeton","+{coins} monet","+{coins} munten",,
"LOW","notifications.row.streak_milestone.body_with_capsule","+{coins} coins + Elite Capsule","+{coins} monedas + Cápsula Élite","+{coins} pièces + Capsule Élite","+{coins} Münzen + Elite-Kapsel","+{coins} moedas + Cápsula Elite","+{coins} monete + Capsula Elite","+{coins}コイン + エリートカプセル","+{coins} 코인 + 엘리트 캡슐","+{coins} 金币 + 精英胶囊","+{coins} عملة + كبسولة النخبة","+{coins} सिक्के + एलीट कैप्सूल","+{coins} монет + элитная капсула","+{coins} jeton + Elit Kapsül","+{coins} monet + Elitarna Kapsuła","+{coins} munten + Elite-capsule",,
"MED","notifications.row.streak_milestone.login.title","🔥 Login streak: Day {day}!","🔥 Racha de inicio: ¡Día {day}!","🔥 Série de connexion : Jour {day} !","🔥 Login-Streak: Tag {day}!","🔥 Sequência de login: Dia {day}!","🔥 Serie di accessi: giorno {day}!","🔥 ログイン連続: {day}日目！","🔥 로그인 연속 {day}일째!","🔥 登录连续第 {day} 天！","🔥 سلسلة الدخول: اليوم {day}!","🔥 लॉगिन स्ट्रीक: दिन {day}!","🔥 Серия входов: день {day}!","🔥 Giriş serisi: {day}. gün!","🔥 Seria logowań: dzień {day}!","🔥 Inlogreeks: dag {day}!",,
"MED","notifications.row.streak_milestone.workout.title","🔥 Workout streak: Day {day}!","🔥 Racha de entrenamiento: ¡Día {day}!","🔥 Série d'entraînement : Jour {day} !","🔥 Trainings-Streak: Tag {day}!","🔥 Sequência de treino: Dia {day}!","🔥 Serie di allenamenti: giorno {day}!","🔥 ワークアウト連続: {day}日目！","🔥 운동 연속 {day}일째!","🔥 训练连续第 {day} 天！","🔥 سلسلة التمارين: اليوم {day}!","🔥 वर्कआउट स्ट्रीक: दिन {day}!","🔥 Серия тренировок: день {day}!","🔥 Antrenman serisi: {day}. gün!","🔥 Seria treningów: dzień {day}!","🔥 Trainingsreeks: dag {day}!",,
"HIGH","notifications.row.welcome_back.body","Your progress is waiting. Quick session today?","Tu progreso te espera. ¿Una sesión rápida hoy?","Vos progrès vous attendent. Une séance rapide aujourd'hui ?","Dein Fortschritt wartet. Heute eine kurze Einheit?","Seu progresso espera. Um treino rápido hoje?","I tuoi progressi ti aspettano. Una sessione veloce oggi?","進捗が待っています。今日少しだけ運動しませんか？","기록이 기다리고 있습니다. 오늘 가볍게 한 세션 어떠세요?","你的进度还在等你。今天来一组？","تقدّمك في انتظارك. جلسة سريعة اليوم؟","आपकी प्रगति इंतज़ार कर रही है। आज एक छोटा सेशन?","Твой прогресс ждёт. Короткая тренировка сегодня?","İlerlemen seni bekliyor. Bugün kısa bir seans?","Twoje postępy czekają. Krótka sesja dzisiaj?","Je voortgang wacht. Vandaag een korte sessie?",,
"HIGH","notifications.row.welcome_back.title","👋 We miss you","👋 Te echamos de menos","👋 Vous nous manquez","👋 Wir vermissen dich","👋 Sentimos sua falta","👋 Ci manchi","👋 お久しぶりです","👋 보고 싶었어요","👋 好久不见","👋 اشتقنا إليك","👋 आपकी कमी खली","👋 Мы скучали","👋 Seni özledik","👋 Tęsknimy","👋 We missen je",,
"LOW","notifications.showing50","Showing the 50 most recent","Mostrando las 50 más recientes","Affichage des 50 plus récentes","Die 50 neuesten werden angezeigt","Mostrando as 50 mais recentes","Mostriamo le 50 più recenti","最新の50件を表示","최근 50개를 표시합니다","显示最近 50 条","عرض أحدث 50","नवीनतम 50 दिखा रहे हैं","Показаны 50 последних","En son 50 tanesi gösteriliyor","Pokazujemy 50 najnowszych","De 50 recentste worden getoond",,
"LOW","notifications.tab.all","All","Todas","Toutes","Alle","Todas","Tutte","すべて","전체","全部","الكل","सभी","Все","Tümü","Wszystkie","Alle",,
"LOW","notifications.tab.friends","Friends","Amigos","Amis","Freunde","Amigos","Amici","フレンド","친구","好友","الأصدقاء","दोस्त","Друзья","Arkadaşlar","Znajomi","Vrienden",,
"MED","notifications.title","Notifications","Notificaciones","Notifications","Benachrichtigungen","Notificações","Notifiche","通知","알림","通知","الإشعارات","सूचनाएं","Уведомления","Bildirimler","Powiadomienia","Meldingen",,
"LOW","notifications.unreadBadge","{count} unread notification","{count} notificación sin leer","{count} notification non lue","{count} ungelesene Benachrichtigung","{count} notificação não lida","{count} notifica non letta","未読の通知 {count} 件","읽지 않은 알림 {count}개","{count} 条未读通知","{count} إشعار غير مقروء","{count} अपठित सूचना","{count} непрочитанное уведомление","{count} okunmamış bildirim","{count} nieprzeczytane powiadomienie","{count} ongelezen melding",,
"LOW","notifications.unreadBadgePlural","{count} unread notifications","{count} notificaciones sin leer","{count} notifications non lues","{count} ungelesene Benachrichtigungen","{count} notificações não lidas","{count} notifiche non lette","未読の通知 {count} 件","읽지 않은 알림 {count}개","{count} 条未读通知","{count} إشعارات غير مقروءة","{count} अपठित सूचनाएं","Непрочитанных уведомлений: {count}","{count} okunmamış bildirim","Nieprzeczytane powiadomienia: {count}","{count} ongelezen meldingen",,